<?xml version="1.0" encoding="ISO-8859-1"?>

<comentarios>

<entrada>
<title>XQuery Kick Start</title>

<comentario>Un libro muy bueno sobre consultas xquery</comentario>

</entrada>
<entrada>
<title lang="en">Everyday Italian</title>

<comentario>Un libro muy bueno supongo....</comentario>
</entrada>
<entrada>

	<title lang="en">Harry Potter</title>
	
<comentario>Un libro muy bueno sobre todo para la autora</comentario>
</entrada>
<entrada>
	
<title lang="en">Learning XML</title>
	<comentario>Un libro muy bueno para aprender xml</comentario>
</entrada>

</comentarios>