﻿<?xml version="1.0" encoding="UTF-8"?>
<?xml-stylesheet href="pirata.css" type="text/css"?>
<POESIA>
<ESTROFA>
<VERSO>Con diez cañones por banda,</VERSO>
<VERSO>viento en popa a toda vela,</VERSO>
<VERSO>no corta el mar, sino vuela,</VERSO>
<VERSO>un velero bergantín;</VERSO>
<VERSO>bajel pirata que llaman</VERSO>
<VERSO>por su bravura el Temido</VERSO>
<VERSO>en todo el mar conocido</VERSO>
<VERSO>del uno al otro confín.</VERSO>
</ESTROFA>
<ESTROFA>
<VERSO>La luna en el mar riela,</VERSO>
<VERSO>en la lona gime el viento</VERSO>
<VERSO>y alza en blando movimiento</VERSO>
<VERSO>olas de plata y azul;</VERSO>
<VERSO>y ve el capitán pirata,</VERSO>
<VERSO>cantando alegre en la popa,</VERSO>
<VERSO>Asia a un lado, al otro Europa,</VERSO>
<VERSO>Y allá a su frente Estambul:</VERSO>
</ESTROFA>
</POESIA>